insert into customer (customer_id,nama_customer,alamat_customer,jenis_kelamin,no_handphone,email_customer,poin_customer,ttl_customer) values (54001,'Barkah','Jl.Sapan','Laki-laki',082217048581,'barkah@gmail.com',50000,'02-02-1999');
insert into customer (customer_id,nama_customer,alamat_customer,jenis_kelamin,no_handphone,email_customer,poin_customer,ttl_customer) values (54002,'Kafel','Jl.Sapan','Laki-laki',082217048582,'kafel@gmail.com',300,'01-01-1999');
insert into customer (customer_id,nama_customer,alamat_customer,jenis_kelamin,no_handphone,email_customer,poin_customer,ttl_customer) values (54003,'Brahma','Jl.Majalaya','Laki-laki',082217048583,'brahma@gmail.com',50,'03-03-1999');
insert into customer (customer_id,nama_customer,alamat_customer,jenis_kelamin,no_handphone,email_customer,poin_customer,ttl_customer) values (54004,'Evan','Jl.Ciparay','Laki-laki',082217048584,'evan@gmail.com',2470,'04-04-1999');
insert into customer (customer_id,nama_customer,alamat_customer,jenis_kelamin,no_handphone,email_customer,poin_customer,ttl_customer) values (54005,'Anya','Jl.Pacet ','Perempuan',082217048585,'anya@gmail.com',600,'05-05-1999');
insert into customer (customer_id,nama_customer,alamat_customer,jenis_kelamin,no_handphone,email_customer,poin_customer,ttl_customer) values (54006,'Sheni','Jl.Rancaekek','Perempuan',082217048586,'sheni@gmail.com',550,'06-06-1999');
insert into customer (customer_id,nama_customer,alamat_customer,jenis_kelamin,no_handphone,email_customer,poin_customer,ttl_customer) values (54008,'Rai','Jl.Pacet','Perempuan',082217048587,'rai@gmail.com',350,'07-07-1999');
insert into customer (customer_id,nama_customer,alamat_customer,jenis_kelamin,no_handphone,email_customer,poin_customer,ttl_customer) values (54009,'Noni','Jl.Andir','Perempuan',082217048588,'noni@gmail.com',250,'08-08-1999');
insert into customer (customer_id,nama_customer,alamat_customer,jenis_kelamin,no_handphone,email_customer,poin_customer,ttl_customer) values (54010,'Nandifa','Jl.Andir','Perempuan',082217048589,'nandifa@gmail.com',880,'09-09-1999');
insert into customer (customer_id,nama_customer,alamat_customer,jenis_kelamin,no_handphone,email_customer,poin_customer,ttl_customer) values (54011,'Devia','Jl.Magung','Perempuan',082217048590,'devia@gmail.com',620,'10-10-1999');

insert into layanan (id_layanan,nama_layanan,tagihan) values (2101,'Top Up and Data Package','top up Rp.25000');
insert into layanan (id_layanan,nama_layanan,tagihan) values (2102,'Mobile Postpaid','Rp.100000');
insert into layanan (id_layanan,nama_layanan,tagihan) values (2103,'PLN Electricity','Rp.250000');
insert into layanan (id_layanan,nama_layanan,tagihan) values (2104,'BPS Kesehatan','Rp.50000');
insert into layanan (id_layanan,nama_layanan,tagihan) values (2105,'Telkom','Rp.350000');
insert into layanan (id_layanan,nama_layanan,tagihan) values (2106,'PDAM','Rp.100000');
insert into layanan (id_layanan,nama_layanan,tagihan) values (2107,'Voucher Game','Rp.1000000');
insert into layanan (id_layanan,nama_layanan,tagihan) values (2108,'Voucher Game','Rp.500000');
insert into layanan (id_layanan,nama_layanan,tagihan) values (2109,'Top Up and Data Package','Data Rp.50000');
insert into layanan (id_layanan,nama_layanan,tagihan) values (2110,'BPS Kesehatan','Rp. 100000');

insert into membayar (customer_id,id_layanan,pk_membayar) values (54001,2101,'top up Rp.25000');
insert into membayar (customer_id,id_layanan,pk_membayar) values (54001,2102,'Mobile Postpaid Rp.100000');
insert into membayar (customer_id,id_layanan,pk_membayar) values (54001,2103,'PLN Electricity Rp.250000');
insert into membayar (customer_id,id_layanan,pk_membayar) values (54002,2105,'Telkom Rp.350000');
insert into membayar (customer_id,id_layanan,pk_membayar) values (54003,2106,'PDAM Rp.100000');
insert into membayar (customer_id,id_layanan,pk_membayar) values (54004,2107,'Voucher Game Rp.1000000');
insert into membayar (customer_id,id_layanan,pk_membayar) values (54005,2109,'Data Rp.50000');
insert into membayar (customer_id,id_layanan,pk_membayar) values (54002,2104,'BPJS Kesejahatn Rp.50000');
insert into membayar (customer_id,id_layanan,pk_membayar) values (54005,2108,'Voucher Game Rp.500000');
insert into membayar (customer_id,id_layanan,pk_membayar) values (54009,2110,'BPS Kesehatan Rp. 100000');

insert into pembayaran (no_pesanan,periode_pembayaran,kode_pembayaran,rincian_pembayaran) values (801,'11/12/2018',987654321,'Mohon Selesaikan Pembayaran dalam waktu 23 jam 59 menit. Dengan Harga Total Rp.1000000');
insert into pembayaran (no_pesanan,periode_pembayaran,kode_pembayaran,rincian_pembayaran) values (802,'11/13/2018',987654322,'Mohon Selesaikan Pembayaran dalam waktu 23 jam 59 menit. Dengan Harga Total Rp.1000000');
insert into pembayaran (no_pesanan,periode_pembayaran,kode_pembayaran,rincian_pembayaran) values (803,'11/14/2018',987654323,'Mohon Selesaikan Pembayaran dalam waktu 23 jam 59 menit. Dengan Harga Total Rp.1000000');
insert into pembayaran (no_pesanan,periode_pembayaran,kode_pembayaran,rincian_pembayaran) values (804,'11/15/2018',987654324,'Mohon Selesaikan Pembayaran dalam waktu 23 jam 59 menit. Dengan Harga Total Rp.1000000');
insert into pembayaran (no_pesanan,periode_pembayaran,kode_pembayaran,rincian_pembayaran) values (805,'11/16/2018',987654325,'Mohon Selesaikan Pembayaran dalam waktu 23 jam 59 menit. Dengan Harga Total Rp.1000000');
insert into pembayaran (no_pesanan,periode_pembayaran,kode_pembayaran,rincian_pembayaran) values (806,'11/17/2018',987654326,'Mohon Selesaikan Pembayaran dalam waktu 23 jam 59 menit. Dengan Harga Total Rp.1000000');
insert into pembayaran (no_pesanan,periode_pembayaran,kode_pembayaran,rincian_pembayaran) values (807,'11/18/2018',987654327,'Mohon Selesaikan Pembayaran dalam waktu 23 jam 59 menit. Dengan Harga Total Rp.1000000');
insert into pembayaran (no_pesanan,periode_pembayaran,kode_pembayaran,rincian_pembayaran) values (808,'11/18/2018',987654328,'Mohon Selesaikan Pembayaran dalam waktu 23 jam 59 menit. Dengan Harga Total Rp.1000000');
insert into pembayaran (no_pesanan,periode_pembayaran,kode_pembayaran,rincian_pembayaran) values (809,'11/19/2018',987654329,'Mohon Selesaikan Pembayaran dalam waktu 23 jam 59 menit. Dengan Harga Total Rp.1000000');
insert into pembayaran (no_pesanan,periode_pembayaran,kode_pembayaran,rincian_pembayaran) values (810,'11/20/2018',987654330,'Mohon Selesaikan Pembayaran dalam waktu 23 jam 59 menit. Dengan Harga Total Rp.1000000');

insert into memiliki (pk_memiliki,membayar_pk_membayar,pembayaran_no_pesanan) values ('1.Layanan dan Pembayaran','top up Rp.25000',801);
insert into memiliki (pk_memiliki,membayar_pk_membayar,pembayaran_no_pesanan) values ('2.Layanan dan Pembayaran','Mobile Postpaid Rp.100000',802);
insert into memiliki (pk_memiliki,membayar_pk_membayar,pembayaran_no_pesanan) values ('3.Layanan dan Pembayaran','PLN Electricity Rp.250000',803);
insert into memiliki (pk_memiliki,membayar_pk_membayar,pembayaran_no_pesanan) values ('4.Layanan dan Pembayaran','Telkom Rp.350000',804);
insert into memiliki (pk_memiliki,membayar_pk_membayar,pembayaran_no_pesanan) values ('5.Layanan dan Pembayaran','PDAM Rp.100000',805);
insert into memiliki (pk_memiliki,membayar_pk_membayar,pembayaran_no_pesanan) values ('6.Layanan dan Pembayaran','Voucher Game Rp.1000000',806);
insert into memiliki (pk_memiliki,membayar_pk_membayar,pembayaran_no_pesanan) values ('7.Layanan dan Pembayaran','Data Rp.50000',807);
insert into memiliki (pk_memiliki,membayar_pk_membayar,pembayaran_no_pesanan) values ('8.Layanan dan Pembayaran','BPJS Kesejahatn Rp.50000',808);
insert into memiliki (pk_memiliki,membayar_pk_membayar,pembayaran_no_pesanan) values ('9.Layanan dan Pembayaran','Voucher Game Rp.500000',809);
insert into memiliki (pk_memiliki,membayar_pk_membayar,pembayaran_no_pesanan) values ('10.Layanan dan Pembayaran','BPS Kesehatan Rp. 100000',810);

insert into MyBills (list_tagihan,id_layanan) values ('Top Up and Data Package Rp.25000',2101);
insert into MyBills (list_tagihan,id_layanan) values ('Mobile Postpaid Rp.100000',2102);
insert into MyBills (list_tagihan,id_layanan) values ('PLN Electricity Rp.250000',2103);
insert into MyBills (list_tagihan,id_layanan) values ('BPS Kesehatan Rp.50000',2104);
insert into MyBills (list_tagihan,id_layanan) values ('Telkom Rp.350000',2105);
insert into MyBills (list_tagihan,id_layanan) values ('PDAM Rp.100000',2106);
insert into MyBills (list_tagihan,id_layanan) values ('Voucher Game Rp.1000000',2107);
insert into MyBills (list_tagihan,id_layanan) values ('Voucher Game Rp.500000',2108);
insert into MyBills (list_tagihan,id_layanan) values ('Top Up and Data Package Rp.50000',2109);
insert into MyBills (list_tagihan,id_layanan) values ('BPS Kesehatan Rp. 100000',2110);

insert into TopUpandDataPack (no_destinasi,jenis_simcard,paket_data,Nominal_TopUp,harga_paket,id_layanan) values (082212345671,'Telkomsel','Data 10000',25000,25000,2101);
insert into TopUpandDataPack (no_destinasi,jenis_simcard,paket_data,Nominal_TopUp,harga_paket,id_layanan) values (082212345672,'Indosat','Data 20000',10000,30000,2102);
insert into TopUpandDataPack (no_destinasi,jenis_simcard,paket_data,Nominal_TopUp,harga_paket,id_layanan) values (082212345673,'XL','Data 30000',10000,10000,2103);
insert into TopUpandDataPack (no_destinasi,jenis_simcard,paket_data,Nominal_TopUp,harga_paket,id_layanan) values (082212345674,'Axis','Data 40000',10000,15000,2104);
insert into TopUpandDataPack (no_destinasi,jenis_simcard,paket_data,Nominal_TopUp,harga_paket,id_layanan) values (082212345675,'Tri','Data 50000',5000,20000,2105);
insert into TopUpandDataPack (no_destinasi,jenis_simcard,paket_data,Nominal_TopUp,harga_paket,id_layanan) values (082212345676,'Telkomsel','Data 60000',50000,100000,2106);
insert into TopUpandDataPack (no_destinasi,jenis_simcard,paket_data,Nominal_TopUp,harga_paket,id_layanan) values (082212345677,'Indosat','Data 70000',50000,50000,2107);
insert into TopUpandDataPack (no_destinasi,jenis_simcard,paket_data,Nominal_TopUp,harga_paket,id_layanan) values (082212345678,'Tri','Data 80000',10000,20000,2108);
insert into TopUpandDataPack (no_destinasi,jenis_simcard,paket_data,Nominal_TopUp,harga_paket,id_layanan) values (082212345679,'XL','Data 90000',20000,50000,2109);
insert into TopUpandDataPack (no_destinasi,jenis_simcard,paket_data,Nominal_TopUp,harga_paket,id_layanan) values (082212345680,'Axis','Data 100000',20000,30000,2110);

insert into mobile_postpaid (no_handphone,id_layanan) values (082287654321,2101);
insert into mobile_postpaid (no_handphone,id_layanan) values (082287654322,2102);
insert into mobile_postpaid (no_handphone,id_layanan) values (082287654323,2103);
insert into mobile_postpaid (no_handphone,id_layanan) values (082287654324,2104);
insert into mobile_postpaid (no_handphone,id_layanan) values (082287654325,2105);
insert into mobile_postpaid (no_handphone,id_layanan) values (082287654326,2106);
insert into mobile_postpaid (no_handphone,id_layanan) values (082287654327,2107);
insert into mobile_postpaid (no_handphone,id_layanan) values (082287654328,2108);
insert into mobile_postpaid (no_handphone,id_layanan) values (082287654329,2109);
insert into mobile_postpaid (no_handphone,id_layanan) values (082287654330,2110);

insert into PLN_Electricity (meter_number,tipe_produk,id_layanan) values (987654321,'Electricity Token',2101);
insert into PLN_Electricity (meter_number,tipe_produk,id_layanan) values (987654322,'Electricity Bill',2102);
insert into PLN_Electricity (meter_number,tipe_produk,id_layanan) values (987654323,'Electricity Token',2103);
insert into PLN_Electricity (meter_number,tipe_produk,id_layanan) values (987654324,'Electricity Token',2104);
insert into PLN_Electricity (meter_number,tipe_produk,id_layanan) values (987654325,'Electricity Token',2105);
insert into PLN_Electricity (meter_number,tipe_produk,id_layanan) values (987654326,'Electricity Bill',2106);
insert into PLN_Electricity (meter_number,tipe_produk,id_layanan) values (987654327,'Electricity Bill',2107);
insert into PLN_Electricity (meter_number,tipe_produk,id_layanan) values (987654328,'Electricity Token',2108);
insert into PLN_Electricity (meter_number,tipe_produk,id_layanan) values (987654329,'Electricity Bill',2109);
insert into PLN_Electricity (meter_number,tipe_produk,id_layanan) values (987654330,'Electricity Token',2110);

insert into bpjs_kesehatan (periode_bayar,id_layanan) values (,2101);
insert into bpjs_kesehatan (periode_bayar,id_layanan) values (,2102);
insert into bpjs_kesehatan (periode_bayar,id_layanan) values (,2103);
insert into bpjs_kesehatan (periode_bayar,id_layanan) values (,2104);
insert into bpjs_kesehatan (periode_bayar,id_layanan) values (,2105);
insert into bpjs_kesehatan (periode_bayar,id_layanan) values (,2106);
insert into bpjs_kesehatan (periode_bayar,id_layanan) values (,2107);
insert into bpjs_kesehatan (periode_bayar,id_layanan) values (,2108);
insert into bpjs_kesehatan (periode_bayar,id_layanan) values (,2109);
insert into bpjs_kesehatan (periode_bayar,id_layanan) values (,2110);

insert into bpjs_kesehatan (periode_bayar,id_layanan) values ('Oct 2018',2101);
insert into bpjs_kesehatan (periode_bayar,id_layanan) values ('Nov 2018',2102);
insert into bpjs_kesehatan (periode_bayar,id_layanan) values ('Des 2018',2103);
insert into bpjs_kesehatan (periode_bayar,id_layanan) values ('Nov 2018',2104);
insert into bpjs_kesehatan (periode_bayar,id_layanan) values ('Oct 2018',2105);
insert into bpjs_kesehatan (periode_bayar,id_layanan) values ('Des 2018',2106);
insert into bpjs_kesehatan (periode_bayar,id_layanan) values ('Oct 2018',2107);
insert into bpjs_kesehatan (periode_bayar,id_layanan) values ('Nov 2018',2108);
insert into bpjs_kesehatan (periode_bayar,id_layanan) values ('Nov 2018',2109);
insert into bpjs_kesehatan (periode_bayar,id_layanan) values ('Des 2018',2110);

insert into telkom ("No_Telepon Rumah",id_layanan) values (02298765431,2101);
insert into telkom ("No_Telepon Rumah",id_layanan) values (02298765432,2102);
insert into telkom ("No_Telepon Rumah",id_layanan) values (02298765433,2103);
insert into telkom ("No_Telepon Rumah",id_layanan) values (02298765434,2104);
insert into telkom ("No_Telepon Rumah",id_layanan) values (02298765435,2105);
insert into telkom ("No_Telepon Rumah",id_layanan) values (02298765436,2106);
insert into telkom ("No_Telepon Rumah",id_layanan) values (02298765437,2107);
insert into telkom ("No_Telepon Rumah",id_layanan) values (02298765438,2108);
insert into telkom ("No_Telepon Rumah",id_layanan) values (02298765439,2109);
insert into telkom ("No_Telepon Rumah",id_layanan) values (02298765440,2110);

insert into pdam (nama_perusahaan,id_layanan) values ('Aetra Jakarta',2101);
insert into pdam (nama_perusahaan,id_layanan) values ('Palyja Jakarta',2102);
insert into pdam (nama_perusahaan,id_layanan) values ('PDAM Kota Bandung',2103);
insert into pdam (nama_perusahaan,id_layanan) values ('PDAM Kota Makassar',2104);
insert into pdam (nama_perusahaan,id_layanan) values ('PDAM Kota Depok',2105);
insert into pdam (nama_perusahaan,id_layanan) values ('PDAM Kota Semarang',2106);
insert into pdam (nama_perusahaan,id_layanan) values ('PDAM Kota Tegal',2107);
insert into pdam (nama_perusahaan,id_layanan) values ('PDAM Kab Bandung',2108);
insert into pdam (nama_perusahaan,id_layanan) values ('PDAM Kab Garut',2109);
insert into pdam (nama_perusahaan,id_layanan) values ('PDAM Kab Malang',2110);

insert into voucher_game (platform_game,nominal_voucher,id_layanan) values ('Garena Shell/Cash',100000,2101);
insert into voucher_game (platform_game,nominal_voucher,id_layanan) values ('Steam Wallet IDR',600000,2102);
insert into voucher_game (platform_game,nominal_voucher,id_layanan) values ('Lyto Credits',35000,2103);
insert into voucher_game (platform_game,nominal_voucher,id_layanan) values ('MOL Point',50000,2104);
insert into voucher_game (platform_game,nominal_voucher,id_layanan) values ('WaveGame Coin',40000,2105);
insert into voucher_game (platform_game,nominal_voucher,id_layanan) values ('PlayStation Network(ID)',100000,2106);
insert into voucher_game (platform_game,nominal_voucher,id_layanan) values ('Megaxus MI Cash',10000,2107);
insert into voucher_game (platform_game,nominal_voucher,id_layanan) values ('MOGPlay',50000,2108);
insert into voucher_game (platform_game,nominal_voucher,id_layanan) values ('Facebook Game Card',80000,2109);
insert into voucher_game (platform_game,nominal_voucher,id_layanan) values ('Travian',90000,2110);

insert into kartu_kredit (No_Kartu_Kredit,form_pembayaran,no_pesanan) values (78123641,'Lock Pay',801);
insert into kartu_kredit (No_Kartu_Kredit,form_pembayaran,no_pesanan) values (78123642,'Lock Pay',802);
insert into kartu_kredit (No_Kartu_Kredit,form_pembayaran,no_pesanan) values (78123643,'Unlock Pay',803);
insert into kartu_kredit (No_Kartu_Kredit,form_pembayaran,no_pesanan) values (78123644,'Unlock Pay',804);
insert into kartu_kredit (No_Kartu_Kredit,form_pembayaran,no_pesanan) values (78123645,'Lock Pay',805);
insert into kartu_kredit (No_Kartu_Kredit,form_pembayaran,no_pesanan) values (78123646,'Unlock Pay',806);
insert into kartu_kredit (No_Kartu_Kredit,form_pembayaran,no_pesanan) values (78123647,'Lock Pay',807);
insert into kartu_kredit (No_Kartu_Kredit,form_pembayaran,no_pesanan) values (78123648,'Unlock Pay',808);
insert into kartu_kredit (No_Kartu_Kredit,form_pembayaran,no_pesanan) values (78123649,'Lock Pay',809);
insert into kartu_kredit (No_Kartu_Kredit,form_pembayaran,no_pesanan) values (78123650,'Unlock Pay',810);

insert into TransferandATM (no_rekening,jenis_rekening,no_pesanan) values (6475821,'BNI',801);
insert into TransferandATM (no_rekening,jenis_rekening,no_pesanan) values (6475822,'BNI',802);
insert into TransferandATM (no_rekening,jenis_rekening,no_pesanan) values (6475823,'BCA',803);
insert into TransferandATM (no_rekening,jenis_rekening,no_pesanan) values (6475824,'MANDIRI',804);
insert into TransferandATM (no_rekening,jenis_rekening,no_pesanan) values (6475825,'BRI',805);
insert into TransferandATM (no_rekening,jenis_rekening,no_pesanan) values (6475826,'ATM Bersama',806);
insert into TransferandATM (no_rekening,jenis_rekening,no_pesanan) values (6475827,'Prima',807);
insert into TransferandATM (no_rekening,jenis_rekening,no_pesanan) values (6475828,'Alto',808);
insert into TransferandATM (no_rekening,jenis_rekening,no_pesanan) values (6475829,'MANDIRI',809);
insert into TransferandATM (no_rekening,jenis_rekening,no_pesanan) values (6475830,'BCA',810);

insert into Direct_Debits (Jenis_Direct_Debits,no_pesanan) values ('Mandiri Debit',801);
insert into Direct_Debits (Jenis_Direct_Debits,no_pesanan) values ('Mandiri Debit',802);
insert into Direct_Debits (Jenis_Direct_Debits,no_pesanan) values ('Mandiri Debit',803);
insert into Direct_Debits (Jenis_Direct_Debits,no_pesanan) values ('Mandiri Debit',804);
insert into Direct_Debits (Jenis_Direct_Debits,no_pesanan) values ('Mandiri Debit',805);
insert into Direct_Debits (Jenis_Direct_Debits,no_pesanan) values ('Mandiri Debit',806);
insert into Direct_Debits (Jenis_Direct_Debits,no_pesanan) values ('Mandiri Debit',807);
insert into Direct_Debits (Jenis_Direct_Debits,no_pesanan) values ('Mandiri Debit',808);
insert into Direct_Debits (Jenis_Direct_Debits,no_pesanan) values ('Mandiri Debit',809);
insert into Direct_Debits (Jenis_Direct_Debits,no_pesanan) values ('Mandiri Debit',810);

insert into Alfmart_Indomrt (jenis_minimarket,no_pesanan) values ('Indomaret',801);
insert into Alfmart_Indomrt (jenis_minimarket,no_pesanan) values ('Alfamaret',802);
insert into Alfmart_Indomrt (jenis_minimarket,no_pesanan) values ('Alfamidi',803);
insert into Alfmart_Indomrt (jenis_minimarket,no_pesanan) values ('Alfamaret',804);
insert into Alfmart_Indomrt (jenis_minimarket,no_pesanan) values ('Indomaret',805);
insert into Alfmart_Indomrt (jenis_minimarket,no_pesanan) values ('Alfamidi',806);
insert into Alfmart_Indomrt (jenis_minimarket,no_pesanan) values ('Alfamaret',807);
insert into Alfmart_Indomrt (jenis_minimarket,no_pesanan) values ('Indomaret',808);
insert into Alfmart_Indomrt (jenis_minimarket,no_pesanan) values ('Alfamidi',809);
insert into Alfmart_Indomrt (jenis_minimarket,no_pesanan) values ('Alfamaret',810);

insert into Uangku_Balance (saldo_uangku,no_pesanan) values (1000000,801);
insert into Uangku_Balance (saldo_uangku,no_pesanan) values (2000000,802);
insert into Uangku_Balance (saldo_uangku,no_pesanan) values (3000000,803);
insert into Uangku_Balance (saldo_uangku,no_pesanan) values (4000000,804);
insert into Uangku_Balance (saldo_uangku,no_pesanan) values (5000000,805);
insert into Uangku_Balance (saldo_uangku,no_pesanan) values (6000000,806);
insert into Uangku_Balance (saldo_uangku,no_pesanan) values (7000000,807);
insert into Uangku_Balance (saldo_uangku,no_pesanan) values (8000000,808);
insert into Uangku_Balance (saldo_uangku,no_pesanan) values (9000000,809);
insert into Uangku_Balance (saldo_uangku,no_pesanan) values (9500000,810);
